{"_timestamp":1.7262810448054845e+09,"_runtime":0.9255355,"_wandb":{"runtime":1},"_step":7,"acc":0.8768440471232207,"loss":0.1615783050775948}